<?xml version="1.0" encoding="UTF-8" ?>
<error md5="38500dc63aab70159a0a8fc98919e0e1">
	<version>2.4.11</version>
	<type>DB_ERROR</type>
	<date>2019-09-02 21:23:22</date>
	<q></q>
	<file>includes%2Fclasses%2Fdb.class.php</file>
	<line>133</line>
	<message>SQLSTATE%5BHY000%5D+%5B2006%5D+MySQL+server+has+gone+away</message>
	<details>a%3A3%3A%7Bs%3A4%3A%22code%22%3Bi%3A2006%3Bs%3A5%3A%22trace%22%3Ba%3A4%3A%7Bi%3A0%3Bs%3A84%3A%22includes%2Fclasses%2Fdb.class.php+line+133%3A%0APDO-%3E__construct%28%27%2A%2A%2A%2A%2A%27%2C+%27%2A%2A%2A%2A%2A%27%2C+%27%2A%2A%2A%2A%2A%27%29%0A%22%3Bi%3A1%3Bs%3A39%3A%22index.php+line+1971%3A%0Adb-%3E__construct%28%29%0A%22%3Bi%3A2%3Bs%3A36%3A%22index.php+line+276%3A%0Agallery%3A%3Ainit%28%29%0A%22%3Bi%3A3%3Bs%3A136%3A%22%2Fstorage%2Fssd2%2F729%2F10337729%2Fpublic_html%2Findex.php+line+7%3A%0Ainclude%28%26%23039%3B%2Fstorage%2Fssd2%2F729%2F10337729%2Fpublic_html%2Figalerie%2Findex.php%26%23039%3B%29%0A%22%3B%7Ds%3A10%3A%22additional%22%3Ba%3A2%3A%7Bs%3A3%3A%22sql%22%3BN%3Bs%3A6%3A%22params%22%3BN%3B%7D%7D</details>
</error>
