<?xml version="1.0" encoding="UTF-8" ?>
<error md5="295cbf41481d729996a8bb5a9aa1ddcb">
	<version>2.4.11</version>
	<type>DB_ERROR</type>
	<date>2019-09-14 21:22:28</date>
	<q>ftp</q>
	<file>includes%2Fclasses%2Fdb.class.php</file>
	<line>218</line>
	<message>SQLSTATE%5B23000%5D%3A+Integrity+constraint+violation%3A+1452+Cannot+add+or+update+a+child+row%3A+a+foreign+key+constraint+fails+%28%60id10337729_database%60.%60igal2_images%60%2C+CONSTRAINT+%60igal2_fk1_images%60+FOREIGN+KEY+%28%60cat_id%60%29+REFERENCES+%60igal2_categories%60+%28%60cat_id%60%29+ON+DELETE+CASCADE%29</message>
	<details>a%3A3%3A%7Bs%3A4%3A%22code%22%3Bs%3A5%3A%2223000%22%3Bs%3A5%3A%22trace%22%3Ba%3A5%3A%7Bi%3A0%3Bs%3A936%3A%22includes%2Fclasses%2Fdb.class.php+line+218%3A%0APDOStatement-%3Eexecute%28array+%28%0A++%26%23039%3Bcat_id%26%23039%3B+%3D%26gt%3B+1%2C%0A++%26%23039%3Buser_id%26%23039%3B+%3D%26gt%3B+1%2C%0A++%26%23039%3Bimage_path%26%23039%3B+%3D%26gt%3B+%26%23039%3Bphoto%2F757656757%2FmyPhoto_e2daa42d-d6f7-4db8-b59c-aa521f1246c2.jpg%26%23039%3B%2C%0A++%26%23039%3Bimage_url%26%23039%3B+%3D%26gt%3B+%26%23039%3Bmyphoto-e2daa42d-d6f7-4db8-b59c-aa521f1246c2%26%23039%3B%2C%0A++%26%23039%3Bimage_height%26%23039%3B+%3D%26gt%3B+1280%2C%0A++%26%23039%3Bimage_width%26%23039%3B+%3D%26gt%3B+960%2C%0A++%26%23039%3Bimage_filesize%26%23039%3B+%3D%26gt%3B+201003%2C%0A++%26%23039%3Bimage_exif%26%23039%3B+%3D%26gt%3B+NULL%2C%0A++%26%23039%3Bimage_iptc%26%23039%3B+%3D%26gt%3B+NULL%2C%0A++%26%23039%3Bimage_xmp%26%23039%3B+%3D%26gt%3B+NULL%2C%0A++%26%23039%3Bimage_rotation%26%23039%3B+%3D%26gt%3B+1%2C%0A++%26%23039%3Bimage_lat%26%23039%3B+%3D%26gt%3B+NULL%2C%0A++%26%23039%3Bimage_long%26%23039%3B+%3D%26gt%3B+NULL%2C%0A++%26%23039%3Bimage_name%26%23039%3B+%3D%26gt%3B+%26%23039%3BmyPhoto+e2daa42d-d6f7-4db8-b59c-aa521f1246c2%26%23039%3B%2C%0A++%26%23039%3Bimage_desc%26%23039%3B+%3D%26gt%3B+NULL%2C%0A++%26%23039%3Bimage_adddt%26%23039%3B+%3D%26gt%3B+%26%23039%3B2019-09-14+21%3A22%3A27%26%23039%3B%2C%0A++%26%23039%3Bimage_crtdt%26%23039%3B+%3D%26gt%3B+NULL%2C%0A++%26%23039%3Bimage_status%26%23039%3B+%3D%26gt%3B+1%2C%0A%29%29%0A%22%3Bi%3A1%3Bs%3A1080%3A%22includes%2Fclasses%2Fupload.class.php+line+1563%3A%0Adb-%3Eexec%28array+%28%0A++0+%3D%26gt%3B+%0A++array+%28%0A++++%26%23039%3Bsql%26%23039%3B+%3D%26gt%3B+%26%23039%3BINSERT+INTO+igal2_images+%28%0A%09%09%09cat_id%2C+user_id%2C+image_path%2C+image_url%2C+image_height%2C+image_width%2C%0A%09%09%09image_filesize%2C+image_exif%2C+image_iptc%2C+image_xmp%2C+image_rotation%2C%0A%09%09%09image_name%2C+image_desc%2C+image_adddt%2C+image_crtdt%2C+image_lat%2C%0A%09%09%09image_long%2C+image_status%29%0A%09%09%09VALUES+%28%3Acat_id%2C+%3Auser_id%2C+%3Aimage_path%2C+%3Aimage_url%2C+%3Aimage_height%2C%0A%09%09%09%3Aimage_width%2C+%3Aimage_filesize%2C+%3Aimage_exif%2C+%3Aimage_iptc%2C+%3Aimage_xmp%2C%0A%09%09%09%3Aimage_rotation%2C+%3Aimage_name%2C+%3Aimage_desc%2C%0A%09%09%09%3Aimage_adddt%2C+%3Aimage_crtdt%2C+%3Aimage_lat%2C+%3Aimage_long%2C+%3Aimage_status%29%26%23039%3B%2C%0A++++%26%23039%3Bparams%26%23039%3B+%3D%26gt%3B+%0A++++array+%28%0A++++++0+%3D%26gt%3B+%0A++++++array+%28%0A++++++++%26%23039%3Bcat_id%26%23039%3B+%3D%26gt%3B+1%2C%0A++++++++%26%23039%3Buser_id%26%23039%3B+%3D%26gt%3B+1%2C%0A++++++++%26%23039%3Bimage_path%26%23039%3B+%3D%26gt%3B+%26%23039%3Bphoto%2F757656757%2FmyPhoto_e2daa42d-d6f7-4db8-b59c-aa521f1246c2.jpg%26%23039%3B%2C%0A++++++++%26%23039%3Bimage_url%26%23039%3B+%3D%26gt%3B+%26%23039%3Bmyphoto-e2daa42d-d6f7-4db8-b59c-aa521f1246c2%26%23039%3B%2C%0A++++++++%26%23039%3Bimage_height%26%23039%3B+%3D%26gt%3B+1280%2C%0A++++++++%26%23039%3Bimage_width%26%23039%3B+%3D%26gt...%29%0A%22%3Bi%3A2%3Bs%3A266%3A%22includes%2Fclasses%2Fupload.class.php+line+647%3A%0Aupload-%3E_updateDB%28array+%28%0A++%26%23039%3Ba_albums%26%23039%3B+%3D%26gt%3B+1%2C%0A++%26%23039%3Bd_albums%26%23039%3B+%3D%26gt%3B+0%2C%0A++%26%23039%3Ba_images%26%23039%3B+%3D%26gt%3B+1%2C%0A++%26%23039%3Bd_images%26%23039%3B+%3D%26gt%3B+0%2C%0A++%26%23039%3Ba_size%26%23039%3B+%3D%26gt%3B+201003%2C%0A++%26%23039%3Bd_size%26%23039%3B+%3D%26gt%3B+0%2C%0A%29%29%0A%22%3Bi%3A3%3Bs%3A48%3A%22admin%2Findex.php+line+12015%3A%0Aupload-%3EgetAlbums%28%29%0A%22%3Bi%3A4%3Bs%3A38%3A%22admin%2Findex.php+line+861%3A%0Aftp%3A%3Ascan%28%29%0A%22%3B%7Ds%3A10%3A%22additional%22%3Ba%3A2%3A%7Bs%3A3%3A%22sql%22%3Ba%3A1%3A%7Bi%3A0%3Ba%3A2%3A%7Bs%3A3%3A%22sql%22%3Bs%3A518%3A%22INSERT+INTO+igal2_images+%28%0A%09%09%09cat_id%2C+user_id%2C+image_path%2C+image_url%2C+image_height%2C+image_width%2C%0A%09%09%09image_filesize%2C+image_exif%2C+image_iptc%2C+image_xmp%2C+image_rotation%2C%0A%09%09%09image_name%2C+image_desc%2C+image_adddt%2C+image_crtdt%2C+image_lat%2C%0A%09%09%09image_long%2C+image_status%29%0A%09%09%09VALUES+%28%3Acat_id%2C+%3Auser_id%2C+%3Aimage_path%2C+%3Aimage_url%2C+%3Aimage_height%2C%0A%09%09%09%3Aimage_width%2C+%3Aimage_filesize%2C+%3Aimage_exif%2C+%3Aimage_iptc%2C+%3Aimage_xmp%2C%0A%09%09%09%3Aimage_rotation%2C+%3Aimage_name%2C+%3Aimage_desc%2C%0A%09%09%09%3Aimage_adddt%2C+%3Aimage_crtdt%2C+%3Aimage_lat%2C+%3Aimage_long%2C+%3Aimage_status%29%22%3Bs%3A6%3A%22params%22%3Ba%3A1%3A%7Bi%3A0%3Ba%3A18%3A%7Bs%3A6%3A%22cat_id%22%3Bi%3A1%3Bs%3A7%3A%22user_id%22%3Bi%3A1%3Bs%3A10%3A%22image_path%22%3Bs%3A64%3A%22photo%2F757656757%2FmyPhoto_e2daa42d-d6f7-4db8-b59c-aa521f1246c2.jpg%22%3Bs%3A9%3A%22image_url%22%3Bs%3A44%3A%22myphoto-e2daa42d-d6f7-4db8-b59c-aa521f1246c2%22%3Bs%3A12%3A%22image_height%22%3Bi%3A1280%3Bs%3A11%3A%22image_width%22%3Bi%3A960%3Bs%3A14%3A%22image_filesize%22%3Bi%3A201003%3Bs%3A10%3A%22image_exif%22%3BN%3Bs%3A10%3A%22image_iptc%22%3BN%3Bs%3A9%3A%22image_xmp%22%3BN%3Bs%3A14%3A%22image_rotation%22%3Bi%3A1%3Bs%3A9%3A%22image_lat%22%3BN%3Bs%3A10%3A%22image_long%22%3BN%3Bs%3A10%3A%22image_name%22%3Bs%3A44%3A%22myPhoto+e2daa42d-d6f7-4db8-b59c-aa521f1246c2%22%3Bs%3A10%3A%22image_desc%22%3BN%3Bs%3A11%3A%22image_adddt%22%3Bs%3A19%3A%222019-09-14+21%3A22%3A27%22%3Bs%3A11%3A%22image_crtdt%22%3BN%3Bs%3A12%3A%22image_status%22%3Bi%3A1%3B%7D%7D%7D%7Ds%3A6%3A%22params%22%3BN%3B%7D%7D</details>
</error>
