<?xml version="1.0" encoding="UTF-8" ?>
<error md5="6bd989fde57062371f718b9a56f14a50">
	<version>2.4.11</version>
	<type>DB_ERROR</type>
	<date>2019-08-17 10:24:38</date>
	<q>step%2F2</q>
	<file>includes%2Fclasses%2Fdb.class.php</file>
	<line>245</line>
	<message>SQLSTATE%5BHY000%5D%3A+General+error%3A+2006+MySQL+server+has+gone+away</message>
	<details>a%3A3%3A%7Bs%3A4%3A%22code%22%3Bs%3A5%3A%22HY000%22%3Bs%3A5%3A%22trace%22%3Ba%3A3%3A%7Bi%3A0%3Bs%3A263%3A%22includes%2Fclasses%2Fdb.class.php+line+245%3A%0APDO-%3Eexec%28%26%23039%3BALTER+TABLE+igal2_images%0A%09ADD+FOREIGN+KEY+%28user_id%29+REFERENCES+igal2_users+%28user_id%29%2C%0A%09ADD+CONSTRAINT+igal2_fk1_images%0A%09%09FOREIGN+KEY+%28cat_id%29+REFERENCES+igal2_categories+%28cat_id%29%0A%09%09ON+DELETE+CASCADE%3B%26%23039%3B%29%0A%22%3Bi%3A1%3Bs%3A257%3A%22install%2Findex.php+line+282%3A%0Adb-%3Eexec%28%26%23039%3BALTER+TABLE+igal2_images%0A%09ADD+FOREIGN+KEY+%28user_id%29+REFERENCES+igal2_users+%28user_id%29%2C%0A%09ADD+CONSTRAINT+igal2_fk1_images%0A%09%09FOREIGN+KEY+%28cat_id%29+REFERENCES+igal2_categories+%28cat_id%29%0A%09%09ON+DELETE+CASCADE%3B%26%23039%3B%2C+false%29%0A%22%3Bi%3A2%3Bs%3A44%3A%22install%2Findex.php+line+49%3A%0Ainstall%3A%3Astep2%28%29%0A%22%3B%7Ds%3A10%3A%22additional%22%3Ba%3A2%3A%7Bs%3A3%3A%22sql%22%3Bs%3A199%3A%22ALTER+TABLE+igal2_images%0A%09ADD+FOREIGN+KEY+%28user_id%29+REFERENCES+igal2_users+%28user_id%29%2C%0A%09ADD+CONSTRAINT+igal2_fk1_images%0A%09%09FOREIGN+KEY+%28cat_id%29+REFERENCES+igal2_categories+%28cat_id%29%0A%09%09ON+DELETE+CASCADE%3B%22%3Bs%3A6%3A%22params%22%3BN%3B%7D%7D</details>
</error>
