<?xml version="1.0" encoding="UTF-8" ?>
<error md5="67960e7c5a977a2043cbc66ed1a54bc0">
	<version>2.4.11</version>
	<type>PHP_WARNING</type>
	<date>2019-09-14 21:22:28</date>
	<q>ftp</q>
	<file>admin%2Findex.php</file>
	<line>23393</line>
	<message>count%28%29%3A+Parameter+must+be+an+array+or+an+object+that+implements+Countable</message>
	<details>a%3A2%3A%7Bs%3A4%3A%22item%22%3Bs%3A10%3A%22report_sum%22%3Bs%3A10%3A%22report_sum%22%3Bs%3A70%3A%22%3Cp+class%3D%22report_msg+report_info%22%3ENo+new+album+or+image+detected.%3C%2Fp%3E%0A%22%3B%7D</details>
</error>
