<?xml version="1.0" encoding="UTF-8" ?>
<error md5="66acf381adcf13077db0c2890d1749e8">
	<version>2.4.11</version>
	<type>PHP_EXCEPTION</type>
	<date>2019-09-02 21:22:27</date>
	<q></q>
	<file>includes%2Fclasses%2Futils.class.php</file>
	<line>516</line>
	<message>Missing+data+in+the+database.</message>
	<details>a%3A3%3A%7Bi%3A0%3Ba%3A6%3A%7Bs%3A4%3A%22file%22%3Bs%3A57%3A%22%2Fstorage%2Fssd2%2F729%2F10337729%2Fpublic_html%2Figalerie%2Findex.php%22%3Bs%3A4%3A%22line%22%3Bi%3A1978%3Bs%3A8%3A%22function%22%3Bs%3A9%3A%22getConfig%22%3Bs%3A5%3A%22class%22%3Bs%3A5%3A%22utils%22%3Bs%3A4%3A%22type%22%3Bs%3A2%3A%22%3A%3A%22%3Bs%3A4%3A%22args%22%3Ba%3A0%3A%7B%7D%7Di%3A1%3Ba%3A6%3A%7Bs%3A4%3A%22file%22%3Bs%3A57%3A%22%2Fstorage%2Fssd2%2F729%2F10337729%2Fpublic_html%2Figalerie%2Findex.php%22%3Bs%3A4%3A%22line%22%3Bi%3A276%3Bs%3A8%3A%22function%22%3Bs%3A4%3A%22init%22%3Bs%3A5%3A%22class%22%3Bs%3A7%3A%22gallery%22%3Bs%3A4%3A%22type%22%3Bs%3A2%3A%22%3A%3A%22%3Bs%3A4%3A%22args%22%3Ba%3A0%3A%7B%7D%7Di%3A2%3Ba%3A4%3A%7Bs%3A4%3A%22file%22%3Bs%3A48%3A%22%2Fstorage%2Fssd2%2F729%2F10337729%2Fpublic_html%2Findex.php%22%3Bs%3A4%3A%22line%22%3Bi%3A7%3Bs%3A4%3A%22args%22%3Ba%3A1%3A%7Bi%3A0%3Bs%3A57%3A%22%2Fstorage%2Fssd2%2F729%2F10337729%2Fpublic_html%2Figalerie%2Findex.php%22%3B%7Ds%3A8%3A%22function%22%3Bs%3A7%3A%22include%22%3B%7D%7D</details>
</error>
